schema_name;table_name;created_date;modified_date;row_count;description
dbo;ABCANALYZA;13.07.2012 0:02;13.04.2025 6:46;0;
dbo;ABCKOREKCEHODNOTY;13.07.2012 0:02;13.04.2025 6:46;0;
dbo;ABCKRITERIUM;13.07.2012 0:02;13.04.2025 6:46;0;
dbo;ADRLATKA;15.01.2008 19:02;13.04.2025 6:46;0;
dbo;AgentIndexRebuilds;2020-07-21 23:59:29.097;13.04.2025 6:46;0;
dbo;AKTIVITA;19.07.2014 22:22;13.04.2025 6:46;0;
dbo;AKTIVITA_KOMUNIKACE;19.07.2014 22:22;13.04.2025 6:46;0;
dbo;AKTIVITA_STAV;19.07.2014 22:22;13.04.2025 6:46;0;
dbo;AKTIVITA_TYP;19.07.2014 22:22;13.04.2025 6:46;0;
dbo;AKTIVITA_TYPSTAV;19.07.2014 22:22;13.04.2025 6:46;0;
dbo;AKTIVITA_VAZBA;19.07.2014 22:22;13.04.2025 6:46;0;
dbo;AKTIVITAADD;19.07.2014 22:22;13.04.2025 6:46;0;
dbo;ARCHSUMUCETZAP;01.09.2002 20:28;13.04.2025 6:46;28900;
dbo;AuditHUDATA;17.01.2025 22:53;17.01.2025 22:53;0;
dbo;AuditHUDATASUM;17.01.2025 22:53;17.01.2025 22:53;0;
dbo;AVIZOPP;04.04.2025 12:44;13.04.2025 6:46;0;
dbo;BANKA;25.11.1998 9:47;13.04.2025 6:46;84;
dbo;BANKAAPI;2023-01-21 22:09:34.037;13.04.2025 6:46;4;
dbo;BAV;16.09.1998 9:49;13.04.2025 6:46;11641;
dbo;BAVA;18.01.2000 15:34;13.04.2025 6:46;4313;
dbo;BAVHLAV;06.01.2004 22:55;13.04.2025 6:46;16433;
dbo;BAVRADEK;06.01.2004 22:55;13.04.2025 6:46;41915;
dbo;BB_ADR;17.01.2025 22:51;17.01.2025 22:57;0;
dbo;BB_ATRIBUT;26.01.2019 22:55;2025-04-13 06:46:31.003;161;
dbo;BB_CISELNIK;19.02.2019 23:46;2025-04-13 06:46:31.010;0;
dbo;BB_DOPRAVCE;26.01.2019 22:55;2025-04-13 06:46:31.013;26;
dbo;BB_DOPRAVCE_ATRIBUT;26.01.2019 22:55;2025-04-13 06:46:31.023;981;
dbo;BB_SLUZBA;26.01.2019 22:55;2025-04-13 06:46:31.030;0;
dbo;BB_SLUZBA_STAT;17.01.2025 22:51;2025-04-13 06:46:31.033;0;
dbo;BB_STAT;17.01.2025 22:51;2025-04-13 06:46:31.037;0;
dbo;BENZINA;31.01.2006 21:46;31.01.2006 21:46;299;
dbo;BILANCE;01.08.2006 19:56;2025-04-13 06:46:31.067;0;
dbo;BRPARAMETER;29.04.1999 8:11;2025-04-13 06:46:31.093;28887;
dbo;BUSINESSROLE;29.04.1999 8:11;13.04.2025 6:46;3200;
dbo;Calendar;08.01.2021 13:47;08.01.2021 13:47;366;
dbo;CELSAZ;18.04.2001 12:54;13.04.2025 6:46;504;
dbo;CENSKUP;03.09.1998 16:20;13.04.2025 6:46;95;
dbo;CENSKUPADD;08.05.2002 19:43;13.04.2025 6:46;95;
dbo;CENSKZB;09.09.1998 9:03;13.04.2025 6:46;31;
dbo;CERTIFIKAT;21.01.2017 23:41;13.04.2025 6:46;5;
dbo;CESKZBPA;15.10.1998 15:07;13.04.2025 6:46;1245180;
dbo;CESKZBPAADD;08.05.2002 19:43;2025-04-13 06:46:37.050;1195495;
dbo;CINDATA;28.04.2004 0:35;2025-04-13 06:46:37.067;0;
dbo;CINNOST;20.03.2000 11:16;2025-04-13 06:46:37.073;1072;
dbo;CINNOSTFAV;22.01.2015 14:03;2025-04-13 06:46:37.083;2571;
dbo;CINPRILOHA;2001-04-10 10:00:51.053;2025-04-13 06:46:37.097;1002;
dbo;CINPROSKUP;20.03.2000 11:16;13.04.2025 6:46;1522;
dbo;CISRAD;03.09.1998 16:20;13.04.2025 6:46;174;
dbo;CISRAD_ERR;30.07.2021 22:23;13.04.2025 6:46;2085;
dbo;CSP_DAVKY;19.01.2013 21:44;13.04.2025 6:46;0;
dbo;CSP_PAROVANI;18.07.2013 22:29;13.04.2025 6:46;0;
dbo;CSP_POZADAVKY;19.01.2013 21:44;13.04.2025 6:46;0;
dbo;CSP_ROZPISYPRVKU;19.01.2013 21:44;13.04.2025 6:46;0;
dbo;CSP_SOLUTIONS;19.01.2013 21:44;13.04.2025 6:46;0;
dbo;CSP_ZDROJE;19.01.2013 21:44;13.04.2025 6:46;0;
dbo;CTECKAMAJ;30.04.2019 14:34;13.04.2025 6:46;0;
dbo;CTECKAMAJADD;2024-06-19 23:16:59.030;13.04.2025 6:46;0;
dbo;CTECKAMAJANDROIDIMP;2020-04-23 12:37:22.000;2020-04-23 12:37:22.000;2;
dbo;CTECKAMAJEXPORT;2024-06-19 23:16:59.040;13.04.2025 6:46;0;
dbo;CTECKAMAJEXPORTUMIST;2024-06-19 23:16:59.053;13.04.2025 6:46;0;
dbo;CTECKAMAJIMPORTDET;2024-06-19 23:16:59.063;13.04.2025 6:46;0;
dbo;CTECKAMAJIMPORTDETVAZBA;2024-06-19 23:16:59.077;13.04.2025 6:46;0;
dbo;CTECKAMAJIMPORTHLAV;2024-06-19 23:16:59.097;13.04.2025 6:46;0;
dbo;CVDET;18.07.2013 22:29;13.04.2025 6:46;0;
dbo;CVHLAV;18.07.2013 22:29;13.04.2025 6:46;0;
dbo;CVHODN;18.07.2013 22:29;13.04.2025 6:46;0;
dbo;CVPODH;18.07.2013 22:29;13.04.2025 6:46;0;
dbo;CVPODP;18.07.2013 22:29;13.04.2025 6:46;0;
dbo;CVSEST;18.07.2013 22:29;13.04.2025 6:46;0;
dbo;CVSQL;2013-07-18 22:29:46.033;13.04.2025 6:46;0;
dbo;CVZPRA;2013-07-18 22:29:46.053;13.04.2025 6:46;0;
dbo;DANE;24.01.2006 7:53;13.04.2025 6:46;0;
dbo;DASHBOARD;21.07.2020 23:59;13.04.2025 6:46;4;
dbo;DASHBOARDPARAMS;21.07.2020 23:59;13.04.2025 6:46;20;
dbo;DASHBOARDPARTYP;21.07.2020 23:59;13.04.2025 6:46;16;
dbo;DASHBOARDTYP;2020-07-21 23:59:27.007;13.04.2025 6:46;3;
dbo;DASHBOARDWID;2020-07-21 23:59:27.023;13.04.2025 6:46;33;
dbo;DASHPAR;2020-07-21 23:59:27.040;13.04.2025 6:46;76;
dbo;DASHUDALOSTOFFLINE;21.01.2024 10:49;13.04.2025 6:46;0;
dbo;DASHWIDGET;2020-07-21 23:59:27.060;13.04.2025 6:46;40;
dbo;DASHWIDGETDATA;2020-07-21 23:59:27.073;13.04.2025 6:46;44;
dbo;DASHWIDGETPARAMS;2020-07-21 23:59:27.083;13.04.2025 6:46;979;
dbo;DASHWIDGETPROUZIV;2020-07-21 23:59:27.097;13.04.2025 6:46;32;
dbo;DASHWIDGETTYP;21.07.2020 23:59;13.04.2025 6:46;18;
dbo;DASHWIDPARTYP;21.07.2020 23:59;13.04.2025 6:46;172;
dbo;DATAPOUZ;28.04.2004 0:35;13.04.2025 6:46;0;
dbo;DATZPR;07.08.2010 9:46;13.04.2025 6:46;0;
dbo;DATZPRDS;26.01.2018 23:46;13.04.2025 6:46;0;
dbo;DATZPRDSZAB;26.01.2019 22:55;13.04.2025 6:46;0;
dbo;DATZPRPRIL;07.08.2010 9:46;13.04.2025 6:46;0;
dbo;DefragLog;21.07.2020 23:59;13.04.2025 6:46;0;
dbo;DEFVYKAZ;30.07.1998 10:14;30.07.1998 10:14;19;
dbo;DESCRCOL;29.04.1999 8:11;13.04.2025 6:46;10915;
dbo;DESCRKEY;21.09.2004 19:07;13.04.2025 6:46;1644;
dbo;DESCRKEYCOL;21.09.2004 19:07;13.04.2025 6:46;2553;
dbo;DESCRREL;2004-09-21 19:07:23.007;13.04.2025 6:46;1611;
dbo;DESCRTAB;29.04.1999 8:11;13.04.2025 6:46;808;
dbo;DESCRTRIGGER;29.04.1999 8:11;13.04.2025 6:46;569;
dbo;DESCRVIEW;2004-09-21 19:07:23.053;13.04.2025 6:46;380;
dbo;DESCRVIEWCOL;2004-09-21 19:07:23.083;13.04.2025 6:46;3465;
dbo;DESCRVIEWTABLE;21.09.2004 19:07;13.04.2025 6:46;1949;
dbo;DF_KLPPZ_TEMP;11.04.2025 16:23;11.04.2025 16:23;36;
dbo;DF_KLPVRZ_TEMP;29.04.2021 17:00;29.04.2021 17:00;1;
dbo;DFNBANKA;16.02.1999 7:54;13.04.2025 6:46;62;
dbo;DFNIMPORTBAV;07.05.2021 15:49;13.04.2025 6:46;2;
dbo;DFPCHYBY;25.07.2005 12:28;25.07.2005 12:28;4079;
dbo;DFPROTOKOL;04.04.2025 12:44;13.04.2025 6:46;0;
dbo;DICPRODPH;22.01.2015 14:03;13.04.2025 6:46;0;
dbo;DICVEU;01.08.2006 19:56;13.04.2025 6:46;5;
dbo;docs;02.02.2006 19:13;02.02.2006 19:13;1;
dbo;DOK_EMAIL;17.01.2025 22:51;13.04.2025 6:46;0;
dbo;DOKLADPP;26.01.2022 22:17;13.04.2025 6:46;0;
dbo;DOKLROCUZAV;26.01.2022 22:17;13.04.2025 6:46;0;
dbo;DOKPRAVA;20.09.2010 11:12;13.04.2025 6:46;0;
dbo;DOKUMENT;20.09.2010 11:12;2025-04-13 06:46:38.017;374547;
dbo;DOKUMENT_P_N;20.09.2010 11:12;2025-04-13 06:46:38.027;0;
dbo;DOKUMENT_VAZBA;20.09.2010 11:12;13.04.2025 6:46;118952;
dbo;DOPRAVAHISH;15.01.2008 19:02;13.04.2025 6:46;0;
dbo;DOPRAVAHLAV;15.01.2008 19:02;13.04.2025 6:46;0;
dbo;DphDetail;17.01.2025 22:51;13.04.2025 6:46;0;
dbo;DPHOFFLINE;24.11.2015 23:57;13.04.2025 6:46;4454;
dbo;DphVykaz;01.11.2007 11:32;01.11.2007 11:32;19;
dbo;dtproperties;19.08.1998 15:46;30.07.2011 11:06;0;
dbo;DZSESTAVY;12.06.2000 16:42;13.04.2025 6:46;1046;
dbo;DZSLOUPEC;12.06.2000 16:42;13.04.2025 6:46;31730;
dbo;EDI_EXP_POM;20.02.2009 14:35;20.02.2009 14:35;58;
dbo;EETDETAIL;21.01.2017 23:41;13.04.2025 6:46;10;
dbo;EKMAT;16.01.2010 19:22;13.04.2025 6:46;0;
dbo;EKMATEKOBAL;16.01.2010 19:22;13.04.2025 6:46;0;
dbo;EKOBAL;16.01.2010 19:22;13.04.2025 6:46;0;
dbo;EKOBALZBOZIMJ;16.01.2010 19:22;13.04.2025 6:46;0;
dbo;ESO8CHANGE;31.08.1999 13:30;13.04.2025 6:46;5021;
dbo;ESO9PROTOKOL;19.10.2003 20:25;13.04.2025 6:46;3;
dbo;ESO9SCRIPT;21.09.2004 19:07;13.04.2025 6:46;47;
dbo;ESOTOEDI;28.04.2004 0:35;13.04.2025 6:46;0;
dbo;EXPIMP;19.01.2013 21:44;13.04.2025 6:46;0;
dbo;EXPIMPDEF;19.01.2013 21:44;13.04.2025 6:46;1;
dbo;EXPIMPS;19.01.2013 21:44;13.04.2025 6:46;0;
dbo;EXTERNIURL;19.01.2013 21:44;13.04.2025 6:46;0;
dbo;FCHANGE;03.09.1998 16:20;13.04.2025 6:46;1622;
dbo;FIFO_SARZE;01.05.2003 17:31;13.04.2025 6:46;12514;
dbo;FNOTE;21.01.2023 22:09;13.04.2025 6:46;0;
dbo;FormPARAMS;20.03.2001 11:09;13.04.2025 6:46;28823;
dbo;GOBDCOLUMN;27.07.2019 23:58;13.04.2025 6:46;0;
dbo;GOBDFILE;27.07.2019 23:58;13.04.2025 6:46;0;
dbo;GOBDPARAM;27.07.2019 23:58;13.04.2025 6:46;0;
dbo;GOBDTABLE;27.07.2019 23:58;13.04.2025 6:46;0;
dbo;GSPARAM;12.07.2005 22:52;13.04.2025 6:46;1508;
dbo;HDOK;03.09.1998 16:26;13.04.2025 22:01;651482;
dbo;HDOK_VN;10.01.2009 17:04;13.04.2025 6:46;0;
dbo;HDOK_W;2025-01-17 22:51:26.057;13.04.2025 6:46;0;
dbo;HDOKA;09.06.1999 11:24;13.04.2025 6:46;0;
dbo;HDOKAADD;29.05.2000 15:04;13.04.2025 6:46;0;
dbo;HDOKADD;17.10.2013 10:30;13.04.2025 6:46;451841;
dbo;HDOKADDSYS;24.01.2006 7:53;13.04.2025 6:46;0;
dbo;HDOKCAM;19.06.2024 23:16;13.04.2025 6:46;0;
dbo;HDOKEET;21.01.2017 23:41;13.04.2025 6:46;10;
dbo;HDOKFISMOD;27.07.2019 23:58;13.04.2025 6:46;0;
dbo;HDOKKSEF;19.06.2024 23:16;13.04.2025 6:46;0;
dbo;HDOKOffLine;17.01.2025 22:51;13.04.2025 6:46;0;
dbo;HDOKOffLineSAVE;17.01.2025 22:51;13.04.2025 6:46;0;
dbo;HDOKPOZN;26.11.1998 9:26;2025-04-13 06:46:47.020;200713;
dbo;HDOKPOZNA;09.06.1999 11:24;2025-04-13 06:46:47.027;0;
dbo;HDOKPOZNADD;24.01.2006 7:53;13.04.2025 6:46;104720;
dbo;HDOKSZAMLA;01.07.2018 10:59;13.04.2025 6:46;0;
dbo;HDOKUHRADA;31.07.2017 22:44;13.04.2025 6:46;98692;
dbo;HDOKUHRDET;27.07.2019 23:58;13.04.2025 6:46;90546;
dbo;HDOKUHRPOZ;27.07.2019 23:58;13.04.2025 6:46;1;
dbo;HIERCIN;20.03.2000 11:16;13.04.2025 6:46;1062;
dbo;HIERSTRED;24.01.2006 7:53;13.04.2025 6:46;0;
dbo;HISCINPRIL;28.04.2004 0:35;13.04.2025 6:46;0;
dbo;HISDPH;28.04.2004 0:35;13.04.2025 6:46;5975;
dbo;HISHDOK;16.09.1998 9:47;13.04.2025 6:46;656986;
dbo;HISHDOKAA;09.06.1999 11:24;13.04.2025 6:46;0;
dbo;HISHDOKAZ;09.06.1999 11:24;13.04.2025 6:46;0;
dbo;HISHDOKZA;09.06.1999 11:24;13.04.2025 6:46;0;
dbo;HISSDOK;03.09.1998 16:26;13.04.2025 6:46;3847569;
dbo;HISSDOK_W;10.01.2009 17:04;13.04.2025 6:46;0;
dbo;HISSDOKAA;09.06.1999 11:24;13.04.2025 6:46;0;
dbo;HISSDOKAZ;09.06.1999 11:24;13.04.2025 6:46;0;
dbo;HISSDOKZA;09.06.1999 11:24;13.04.2025 6:46;0;
dbo;HISSTIOFFLINE;2014-07-19 22:21:59.007;13.04.2025 6:46;229515;
dbo;HISUMIST;05.09.2001 16:16;05.09.2001 16:16;162;
dbo;HISUZVESKUP;13.11.2007 22:14;13.04.2025 6:46;0;
dbo;HISVYROBA;08.05.2002 19:43;13.04.2025 6:46;0;
dbo;HLASENIDPH;28.04.2004 0:35;2025-04-13 06:46:56.003;1491;
dbo;CHAT;2023-06-23 22:51:52.063;2025-04-13 06:46:56.017;2;
dbo;IMPORTBAV;07.05.2021 15:49;13.04.2025 6:46;17506;
dbo;INFOEVERIFINDETAIL;17.01.2025 22:51;13.04.2025 6:46;0;
dbo;INTRASTATOBDOBI;21.09.2004 19:07;13.04.2025 6:46;1256;
dbo;ISIR;25.07.2009 13:36;13.04.2025 6:46;0;
dbo;ISIRXML;25.07.2009 13:36;13.04.2025 6:46;0;
dbo;KALKCEN;04.07.2001 9:44;13.04.2025 6:46;3468936;
dbo;KALKCENDET;24.01.2006 7:53;13.04.2025 6:46;0;
dbo;KALKCENDETADD;23.06.2023 22:52;13.04.2025 6:46;0;
dbo;KALKCLEN;04.07.2001 9:44;13.04.2025 6:46;13;
dbo;KALKPREDPIS;04.07.2001 9:44;13.04.2025 6:46;8;
dbo;KALKULACKA;04.09.1998 10:22;22.07.2020 0:08;2;
dbo;KALKVZ;04.07.2001 9:44;13.04.2025 6:46;1;
dbo;KASA_PRENOS;24.01.2006 7:53;13.04.2025 6:46;0;
dbo;KASA_W_STATUS;07.08.2010 9:46;13.04.2025 6:46;0;
dbo;KHDOK;24.01.2006 7:53;13.04.2025 6:46;0;
dbo;KHDOKADD;16.01.2010 19:22;13.04.2025 6:46;0;
dbo;KHDPH;24.11.2015 23:57;13.04.2025 6:46;98865;
dbo;KONSSUBJEKT;21.01.2017 23:41;13.04.2025 6:46;0;
dbo;KONSTANTY;23.11.1998 10:49;13.04.2025 6:46;1;
dbo;KONTRPOHL;24.01.2006 7:53;13.04.2025 6:46;0;
dbo;KOPIEPARAM;21.09.2004 19:07;13.04.2025 6:46;0;
dbo;KOREKCE;19.10.2003 20:25;13.04.2025 6:46;18;
dbo;KOSIK;25.04.2000 15:06;13.04.2025 6:46;0;
dbo;KROKROCUZAV;26.01.2022 22:17;13.04.2025 6:46;0;
dbo;KRZAVPOHL;2024-01-21 10:49:47.097;13.04.2025 6:46;2198;
dbo;KSDOK;24.01.2006 7:53;13.04.2025 6:46;0;
dbo;KSDOKADD;16.01.2010 19:22;13.04.2025 6:46;0;
dbo;KSEFDETAIL;2024-06-19 23:17:00.023;13.04.2025 6:46;0;
dbo;KSEFDETAILIMP;2024-06-19 23:17:00.037;13.04.2025 6:46;0;
dbo;KSEFIMPORT;2024-06-19 23:17:00.047;2025-04-13 06:47:00.000;0;
dbo;KTPARAM;23.06.2023 22:52;13.04.2025 6:46;0;
dbo;KTPARVYRVAR;23.06.2023 22:52;2025-04-13 06:47:00.000;0;
dbo;KURSL;27.11.1998 14:39;2025-04-13 06:47:00.017;6893;
dbo;KUSOVNIK;29.11.2014 23:53;2025-04-13 06:47:00.023;0;
dbo;KUZAV;18.07.2013 22:33;2025-04-13 06:47:00.027;0;
dbo;KVDPH;07.02.2014 23:12;2025-04-13 06:47:00.033;0;
dbo;MAJSOUBDETAIL;26.01.2019 22:55;2025-04-13 06:47:00.037;0;
dbo;MANDSML;26.01.2018 23:46;2025-04-13 06:47:00.043;0;
dbo;MANDSMLHDOK;26.01.2018 23:46;2025-04-13 06:47:00.060;0;
dbo;MC_PoA;19.04.2008 18:17;19.04.2008 18:17;492;
dbo;MC_PoAPS2004;08.10.2005 20:18;08.10.2005 20:18;391;
dbo;MC_PoAPS2007;2008-04-19 18:17:29.060;2008-04-19 18:17:29.063;474;
dbo;MC_PredA;08.10.2005 19:51;08.10.2005 19:51;509;
dbo;MC_PredA6;2008-04-19 18:22:57.037;2008-04-19 18:22:57.053;517;
dbo;MC_PredAPS2004;08.10.2005 19:52;08.10.2005 19:52;462;
dbo;MC_PredAPS2007;19.04.2008 17:02;19.04.2008 17:02;505;
dbo;MENA;03.09.1998 16:26;2025-04-13 06:47:00.053;33;
dbo;MERENEHTEPLO;28.04.2004 0:35;2025-04-13 06:47:00.057;0;
dbo;MERENEHTEPLO_W;28.04.2004 0:35;2025-04-13 06:47:00.053;0;
dbo;MISPROTOKOL;20.03.2000 11:16;2025-04-13 06:47:00.063;315;
dbo;MISUKAZATEL;20.03.2000 11:16;2025-04-13 06:47:00.073;22;
dbo;MISUKAZSLOUP;20.03.2000 11:16;2025-04-13 06:47:00.080;276;
dbo;MJ;1998-09-03 16:26:49.057;2025-04-13 06:47:00.087;54;
dbo;MJADD;08.05.2002 19:43;2025-04-13 06:47:00.093;0;
dbo;NADMODPOCET;19.10.2003 20:25;2025-04-13 06:47:00.097;0;
dbo;NAZEVSTR;28.04.2004 0:35;13.04.2025 6:47;0;
dbo;NAZEVUO;23.01.2002 17:45;13.04.2025 6:47;1063;
dbo;NEWCONTRACT;07.10.1999 14:13;07.10.1999 14:13;0;
dbo;NMVSDETAIL;26.01.2019 22:55;13.04.2025 6:47;0;
dbo;NMVSPACK;26.01.2019 22:55;13.04.2025 6:47;0;
dbo;OBECCIS;19.01.1999 16:37;13.04.2025 6:47;1361;
dbo;OBECCISADD;08.05.2002 19:43;13.04.2025 6:47;466;
dbo;OBJPROC_ENCRYPT;17.01.2025 22:53;17.01.2025 22:53;10439;
dbo;OBJPROC_OLD;17.01.2025 22:51;17.01.2025 22:51;60748;
dbo;OBJPROCSTD_NEW;17.01.2025 22:53;17.01.2025 22:53;61274;
dbo;ODBERDIAGTEPLO;28.04.2004 0:35;13.04.2025 6:47;0;
dbo;ODPMAJPRONAJEM;26.01.2022 22:17;13.04.2025 6:47;0;
dbo;ODPSKUP;17.09.1998 13:36;13.04.2025 6:47;72;
dbo;OdpSkup_2004;25.05.2006 15:13;25.05.2006 15:13;32;
dbo;ODPSKUPKOEF;25.07.2009 13:36;13.04.2025 6:47;44;
dbo;ODPSKUPZAOKR;24.01.2020 23:02;13.04.2025 6:47;0;
dbo;ODVODDPH;24.11.2015 23:57;13.04.2025 6:47;619;
dbo;ODVODPPZ;26.01.2022 22:17;13.04.2025 6:47;0;
dbo;OPAKUCPREDUT;17.01.2025 22:51;13.04.2025 6:47;0;
dbo;OPRPAL;25.06.2003 13:41;25.06.2003 13:41;84;
dbo;PARAM;03.09.1998 16:26;13.04.2025 6:47;1158;
dbo;ParovaciKlice;17.01.2025 22:51;13.04.2025 6:47;0;
dbo;PAROVANI;03.09.1998 16:26;13.04.2025 6:47;57;
dbo;PARUZIV;18.08.2000 16:09;13.04.2025 6:47;573;
dbo;PENALE;03.09.1998 16:27;13.04.2025 6:47;6;
dbo;PENUCET;03.09.1998 16:26;13.04.2025 6:47;23;
dbo;PENUFIFO;26.01.2022 22:17;13.04.2025 6:47;0;
dbo;PKP03Detail;2018-07-01 11:01:39.017;13.04.2025 6:47;0;
dbo;PKPVYSVETLENI;21.01.2017 23:41;13.04.2025 6:47;0;
dbo;PLANDOK;03.09.1998 16:27;13.04.2025 6:47;6;
dbo;PLANODPISU;21.09.2004 19:10;13.04.2025 6:47;1791;
dbo;PLANVARIANTA;30.07.2021 22:23;13.04.2025 6:47;0;
dbo;PLATKART;26.01.2018 23:46;13.04.2025 6:47;1516;
dbo;PODANI;24.01.2006 7:53;13.04.2025 6:47;1;
dbo;PODMINKY;03.09.1998 16:27;13.04.2025 6:47;48;
dbo;POHYBSL;09.09.1998 9:03;13.04.2025 6:47;162;
dbo;POLOZKY_IMP_SOUBORU;30.07.2021 22:23;13.04.2025 6:47;0;
dbo;POMPOM;25.10.2019 16:18;25.10.2019 16:19;0;
dbo;POVOLSTRED;06.01.2004 22:55;13.04.2025 6:47;0;
dbo;PRECHODCAS;13.11.2007 22:14;13.04.2025 6:47;0;
dbo;PRENESENADAN;25.03.2015 23:39;13.04.2025 6:47;20;
dbo;PREUCTPAM;2007-11-13 22:14:02.007;13.04.2025 6:47;0;
dbo;PRIJEMCE;25.04.2000 15:06;13.04.2025 6:47;0;
dbo;PRIZNANISD;2004-09-21 19:07:24.020;13.04.2025 6:47;189;
dbo;PROCES;2007-11-13 22:14:02.020;13.04.2025 6:47;0;
dbo;PROCESADD;30.01.2016 22:50;13.04.2025 6:47;0;
dbo;PROCESDOC;2007-11-13 22:14:02.037;13.04.2025 6:47;0;
dbo;PROCESPROTD;31.07.2017 22:44;13.04.2025 6:47;0;
dbo;PRODEJNA;26.01.2022 22:17;13.04.2025 6:47;0;
dbo;PRODEJNAFUNKCE;26.01.2022 22:17;13.04.2025 6:47;5;
dbo;PRODEJNASTAV;26.01.2022 22:17;13.04.2025 6:47;0;
dbo;PROFESE;2017-01-21 23:41:19.057;13.04.2025 6:47;0;
dbo;PROFESENAOPERACI;2017-01-21 23:41:19.083;13.04.2025 6:47;0;
dbo;PROJEKT;22.01.2021 23:23;13.04.2025 6:47;0;
dbo;PROJEKTADD;30.07.2021 22:23;13.04.2025 6:47;0;
dbo;PROJEKTVAZBA;30.07.2021 22:23;13.04.2025 6:47;0;
dbo;PROVYKAZDPH;2004-09-21 19:07:24.070;13.04.2025 6:47;96;
dbo;PSC;1998-11-25 09:47:06.077;13.04.2025 6:47;5234;
dbo;QSumProVykazESO9;07.04.2025 9:32;13.04.2025 6:47;15876;
dbo;QSumUUcetZap;13.11.2000 15:41;13.04.2025 6:47;17051;
dbo;qVykazAP;07.04.2025 9:34;07.04.2025 9:34;77;
dbo;qVykazAP_Olap;01.05.2003 17:34;01.05.2003 17:34;0;
dbo;qVykazCF;28.06.2022 11:15;28.06.2022 11:15;27;
dbo;qVykazIAS_VZVK;08.11.2021 7:37;08.11.2021 7:37;0;
dbo;qVykazIAS_VZZ;16.04.2012 13:36;16.04.2012 13:36;151;
dbo;qVykazIAS_ZVK;08.11.2021 7:38;08.11.2021 7:38;0;
dbo;qVykazZZ;07.04.2025 9:33;07.04.2025 9:33;41;
dbo;qVykazZZ_Olap;01.05.2003 17:34;01.05.2003 17:34;0;
dbo;RADEKVYKAZU;23.01.2002 17:45;13.04.2025 6:47;2924;
dbo;REGION;28.04.2004 0:35;13.04.2025 6:47;32;
dbo;REVIZE;22.07.2020 0:00;13.04.2025 6:47;0;
dbo;REVIZEVAZBY;22.07.2020 0:00;13.04.2025 6:47;0;
dbo;ROCUZAV;26.01.2022 22:17;13.04.2025 6:47;0;
dbo;ROZMER;19.01.2013 21:44;13.04.2025 6:47;0;
dbo;RR_ARCH2003;08.10.2005 20:52;08.10.2005 20:52;6;
dbo;SAZBADPH;26.02.2001 14:43;13.04.2025 6:47;8;
dbo;SAZBADPHSTAT;24.01.2020 23:02;13.04.2025 6:47;7;
dbo;SAZBASD;06.01.2004 22:55;13.04.2025 6:47;44;
dbo;SBERNA;19.06.2024 23:17;13.04.2025 6:47;0;
dbo;SDOK;09.09.1998 9:02;14.04.2025 0:52;7108388;
dbo;SDOK_NMVSPACK;26.01.2019 22:55;13.04.2025 6:47;0;
dbo;SDOK_VN;2009-01-10 17:04:35.017;13.04.2025 6:47;0;
dbo;SDOK_W;17.01.2025 22:51;13.04.2025 6:47;0;
dbo;SDOKA;09.06.1999 11:24;13.04.2025 6:47;0;
dbo;SDOKAADD;29.05.2000 15:04;13.04.2025 6:47;0;
dbo;SDOKADD;07.03.2018 17:42;13.04.2025 6:48;2164406;
dbo;SDOKADDSYS;13.11.2007 22:14;13.04.2025 6:48;0;
dbo;SDOKCAM;19.06.2024 23:17;13.04.2025 6:48;0;
dbo;SDOKKALK;01.08.2006 19:56;13.04.2025 6:48;0;
dbo;SDOKKTPARAM;2025-01-17 22:51:27.047;13.04.2025 6:48;0;
dbo;SDOKOffLine;2025-01-17 22:51:27.057;13.04.2025 6:48;0;
dbo;SDOKOffLineSAVE;2025-01-17 22:51:27.063;13.04.2025 6:48;0;
dbo;SDOKPOZN;23.01.2002 17:45;13.04.2025 6:48;128754;
dbo;SDOKPOZNA;13.11.2007 22:14;13.04.2025 6:48;0;
dbo;SDOKPOZNADD;21.09.2004 19:07;13.04.2025 6:48;126851;
dbo;SECUSIGNDOC;26.01.2019 22:55;13.04.2025 6:48;0;
dbo;SECUSIGNDOCDETAIL;26.01.2019 22:55;13.04.2025 6:48;0;
dbo;SELECTNAME;30.07.2021 22:23;13.04.2025 6:48;30;
dbo;SELECTOPTION;2021-07-30 22:23:23.013;13.04.2025 6:48;190;
dbo;SERVISHDOK;31.07.2017 22:44;13.04.2025 6:48;0;
dbo;SERVISKARTAHDOK;31.07.2017 22:44;13.04.2025 6:48;0;
dbo;SERVISKARTASDOK;31.07.2017 22:44;13.04.2025 6:48;0;
dbo;SERVISPOSADKA;31.07.2017 22:44;13.04.2025 6:48;0;
dbo;SERVISSDOK;31.07.2017 22:44;13.04.2025 6:48;0;
dbo;SESTAVA;12.06.2000 16:42;13.04.2025 6:48;654;
dbo;SEZHDOK;25.04.2000 15:06;25.04.2000 15:06;0;
dbo;seznamzak;11.05.2020 18:54;11.05.2020 18:54;393;
dbo;SCHED_DAYS;19.07.2014 22:21;13.04.2025 6:48;1;
dbo;SCHED_MONTHS;19.07.2014 22:22;13.04.2025 6:48;0;
dbo;SCHEDULLER;19.07.2014 22:21;13.04.2025 6:48;27;
dbo;SKLAD;03.09.1998 16:27;2025-04-13 06:48:06.050;30;
dbo;SKLADADD;30.10.2002 13:09;2025-04-13 06:48:06.060;30;
dbo;SKP;31.07.2011 13:35;2025-04-13 06:48:06.067;0;
dbo;SKUPDPH;30.07.2016 0:04;2025-04-13 06:48:06.070;0;
dbo;SKUPINA;30.07.1998 10:14;2025-04-13 06:48:06.077;5;
dbo;SKUPUZIV;03.09.1998 16:27;2025-04-13 06:48:06.083;132;
dbo;SKUPWEBSTR;19.01.2013 21:44;2025-04-13 06:48:06.090;0;
dbo;SKUPWEBSTRPRAVA;19.01.2013 21:44;2025-04-13 06:48:06.097;0;
dbo;SKUPZBOZI;03.09.1998 16:27;13.04.2025 6:48;10;
dbo;SKUPZBOZIADD;18.01.2003 20:43;13.04.2025 6:48;9;
dbo;SKUPZNACZBOZI;05.11.1998 9:02;13.04.2025 6:48;18;
dbo;SLOVNIK;19.10.2003 20:25;13.04.2025 6:48;132367;
dbo;SPERR;03.09.1998 16:27;13.04.2025 6:48;200;
dbo;SPOTRDAN;20.06.2001 10:52;13.04.2025 6:48;16;
dbo;STAT;1998-09-03 16:27:18.037;13.04.2025 6:48;61;
dbo;STIOFFLINE;19.07.2014 22:21;13.04.2025 6:48;37;
dbo;STIOFFLINE_PAR;19.07.2014 22:21;13.04.2025 6:48;81;
dbo;STRED;1998-09-03 16:27:19.090;13.04.2025 6:48;526;
dbo;STREDADD;08.05.2002 19:43;13.04.2025 6:48;526;
dbo;STRPRAVA;18.01.2000 15:34;13.04.2025 6:48;3295;
dbo;STRSAB;23.01.2002 17:46;13.04.2025 6:48;6;
dbo;STRUPROCES;13.11.2007 22:14;13.04.2025 6:48;0;
dbo;SUBJADR;03.09.1998 16:27;2025-04-13 06:48:07.073;68229;
dbo;SUBJADRADD;10.06.2017 10:37;13.04.2025 6:48;67843;
dbo;SUBJADRPOZN;23.01.2002 17:45;13.04.2025 6:48;36;
dbo;SUBJBUCET;03.09.1998 16:27;13.04.2025 6:48;12604;
dbo;SUBJEKT;03.09.1998 16:27;13.04.2025 6:48;26506;
dbo;SUBJEKT_W_PRENOS;24.01.2006 7:53;13.04.2025 6:48;0;
dbo;SUBJEKTADD;29.05.2000 15:04;13.04.2025 6:48;26232;
dbo;SUBJGDPR;01.07.2018 10:59;13.04.2025 6:48;0;
dbo;SUBJGDPRADD;01.07.2018 10:59;13.04.2025 6:48;0;
dbo;SUBJINFO;19.07.2014 22:22;13.04.2025 6:48;0;
dbo;SUBJINFO_CREDITCHECK;02.08.2015 11:13;13.04.2025 6:48;0;
dbo;SubjKanPom;31.07.2008 17:27;31.07.2008 17:27;1756;
dbo;SUBJOSOBA;03.09.1998 16:27;13.04.2025 6:48;56137;
dbo;SUBJOSOBAADD;11.04.2001 16:37;13.04.2025 6:48;25183;
dbo;SUBJOSOBAPOZN;23.01.2002 17:46;13.04.2025 6:48;0;
dbo;SUBJPOZN;26.11.1998 9:30;13.04.2025 6:48;8816;
dbo;SUBJPOZNADD;24.01.2006 7:53;13.04.2025 6:48;0;
dbo;SUBJPRAVNIFORMA;18.07.2013 22:29;13.04.2025 6:48;90;
dbo;SUBJVTSPOZN;26.11.1998 9:38;13.04.2025 6:48;0;
dbo;SUBJVTSUBJ;03.09.1998 16:27;13.04.2025 6:48;28641;
dbo;SUBJVZTAH;24.01.2006 7:53;13.04.2025 6:48;0;
dbo;SumDPH;17.01.2025 22:52;17.01.2025 22:52;0;
dbo;SUMRADEK;01.05.2003 17:31;13.04.2025 6:48;7918;
dbo;SUMUCETZAP;16.12.1998 10:56;13.04.2025 6:48;2449;
dbo;SUMUCETZAP_UZAV;17.01.2025 22:51;13.04.2025 6:48;0;
dbo;SUMUCETZAPW;20.03.2000 11:16;20.03.2000 11:16;7356;
dbo;SVATEK;31.07.2017 22:44;13.04.2025 6:48;0;
dbo;SYNCHR_PRAVA;26.01.2019 22:55;13.04.2025 6:48;0;
dbo;SYNCHRAPL;2018-07-01 10:59:06.027;13.04.2025 6:48;0;
dbo;SYNCHRCIS;2018-07-01 10:59:06.047;13.04.2025 6:48;0;
dbo;SYNCHRCISCOL;2019-07-27 23:58:06.013;13.04.2025 6:48;0;
dbo;SYNCHRCISFK;17.08.2022 23:54;13.04.2025 6:48;0;
dbo;SYNCHRCISVAPL;2018-07-01 10:59:06.060;13.04.2025 6:48;0;
dbo;SYNCHRCOLKOD;26.01.2019 22:55;13.04.2025 6:48;0;
dbo;SYNCHRIDMASTER;17.08.2022 23:54;13.04.2025 6:48;0;
dbo;SYNCHRIDSLAVE;17.08.2022 23:54;13.04.2025 6:48;0;
dbo;SYNCHRMASTER;2019-07-27 23:58:06.063;13.04.2025 6:48;0;
dbo;SYNCHRVIEW;17.08.2022 23:54;13.04.2025 6:48;0;
dbo;SYNCHRZURNAL;17.01.2025 22:51;13.04.2025 6:48;0;
dbo;SYNCHRZURNALHIST;17.01.2025 22:51;13.04.2025 6:48;0;
dbo;SYNCHRZURNALJOBSTAV;17.01.2025 22:51;17.01.2025 22:51;0;
dbo;sysdiagrams;23.05.2022 8:26;23.05.2022 8:26;0;
dbo;sysssislog;16.10.2019 14:53;16.10.2019 14:53;6067;
dbo;SZAMLADATA;22.07.2020 0:00;13.04.2025 6:48;0;
dbo;SZAMLADETAIL;2018-07-01 10:59:06.097;13.04.2025 6:48;0;
dbo;SZAMLAIMPORT;22.07.2020 0:00;13.04.2025 6:48;0;
dbo;TABPARAMS;13.07.2012 0:02;13.04.2025 6:48;0;
dbo;TADRPOZN;30.07.1998 10:14;13.04.2025 6:48;1;
dbo;TARTRIDA;19.10.2003 20:25;13.04.2025 6:48;0;
dbo;TB_TEST;23.11.2022 12:42;23.11.2022 12:42;88;
dbo;TDVCASE;08.11.2008 14:11;13.04.2025 6:48;109;
dbo;TEMPGENPAY;15.06.1999 15:00;15.06.1999 15:00;0;
dbo;TEMPSUBJEKT;25.04.2000 15:06;25.04.2000 15:06;0;
dbo;THDOKPOZN;03.09.1998 16:27;13.04.2025 6:48;100;
dbo;TMERTEPLA;28.04.2004 0:35;13.04.2025 6:48;0;
dbo;TPPROTYPDOK;09.08.2001 7:17;13.04.2025 6:48;28;
dbo;TPPROTYPSUBJ;09.08.2001 7:17;13.04.2025 6:48;0;
dbo;TSDOKPOZN;23.01.2002 17:46;13.04.2025 6:48;135;
dbo;TSUBJPOZN;03.09.1998 16:27;13.04.2025 6:48;38;
dbo;TUZIVATELPOZN;19.10.2003 20:25;13.04.2025 6:48;1;
dbo;TVYROBAPOZN;06.01.2004 22:55;13.04.2025 6:48;0;
dbo;TYPDOC;30.07.2021 22:22;13.04.2025 6:48;54;
dbo;TYPDOK;03.09.1998 16:27;13.04.2025 6:48;64;
dbo;TYPDOKADD;12.07.2005 22:52;13.04.2025 6:48;0;
dbo;TYPDOKMENA;24.01.2006 7:53;13.04.2025 6:48;0;
dbo;TYPODPPOHL;28.05.2002 9:11;13.04.2025 6:48;20;
dbo;TYPOPERNAPV;21.01.2023 22:09;13.04.2025 6:48;0;
dbo;TYPPROJ;30.07.2021 22:23;13.04.2025 6:48;0;
dbo;TYPPROJADD;30.07.2021 22:23;13.04.2025 6:48;0;
dbo;TYPSUBJ;03.09.1998 16:27;13.04.2025 6:48;8;
dbo;TYPSUBJADD;21.09.2004 19:07;13.04.2025 6:48;0;
dbo;TZBOZIPOZN;25.11.1998 9:07;13.04.2025 6:48;14;
dbo;TZBOZSKLPOZN;30.10.2002 13:09;13.04.2025 6:48;1;
dbo;UCETEVERIFIN;17.01.2025 22:51;13.04.2025 6:48;0;
dbo;UCETTYP;03.09.1998 16:27;13.04.2025 6:48;38;
dbo;UCETVRADKU;23.01.2002 17:46;13.04.2025 6:48;25215;
dbo;UCETZAP;17.09.1998 13:40;13.04.2025 6:48;6363249;
dbo;UCETZAPA;09.06.1999 11:24;13.04.2025 6:48;0;
dbo;UCETZAPPAR;26.01.2019 22:55;13.04.2025 6:48;0;
dbo;UCETZAPPLAN;08.03.1999 16:37;13.04.2025 6:48;2031;
dbo;UCETZAPPLANA;09.06.1999 11:24;13.04.2025 6:48;0;
dbo;UCETZAPW;26.01.2019 22:55;13.04.2025 6:48;0;
dbo;UCETZURNAL;01.07.2018 10:59;13.04.2025 6:48;0;
dbo;UCPREDUT;03.09.1998 16:27;13.04.2025 6:48;153;
dbo;UCPRPOL;03.09.1998 16:27;13.04.2025 6:48;1263;
dbo;UCTOBD;1998-09-03 16:27:49.040;13.04.2025 6:48;700;
dbo;UCTOSN;03.09.1998 16:27;13.04.2025 6:48;1302;
dbo;UCTOSNADD;08.05.2002 19:43;13.04.2025 6:48;204;
dbo;UCTSKUP;09.09.1998 9:03;13.04.2025 6:48;286;
dbo;UCTYPROVYKAZDPH;24.11.2015 23:05;13.04.2025 6:48;63;
dbo;UDALOST;01.08.2006 19:56;13.04.2025 6:48;0;
dbo;UDALOSTOFFLINE;05.02.2011 8:46;13.04.2025 6:48;0;
dbo;UDALOSTPROUZIV;07.08.2010 9:46;13.04.2025 6:48;0;
dbo;UKAZATEL;13.07.2012 0:02;13.04.2025 6:48;4;
dbo;UKAZATELDATA;16.01.2012 22:48;13.04.2025 6:48;0;
dbo;UKOL;13.11.2007 22:14;13.04.2025 6:48;0;
dbo;UKOLADD;30.01.2016 22:50;13.04.2025 6:48;0;
dbo;UKOLDOC;13.11.2007 22:14;13.04.2025 6:48;0;
dbo;UKOLLIST;2003-05-01 17:31:30.073;13.04.2025 6:48;0;
dbo;UKOLLISTADD;01.05.2003 17:31;13.04.2025 6:48;0;
dbo;UMIST;03.09.1998 16:27;13.04.2025 6:48;6310;
dbo;UMISTADD;06.01.2004 22:55;13.04.2025 6:48;6310;
dbo;UPUS;03.09.1998 16:27;13.04.2025 6:48;1995;
dbo;USERPARAMS;15.06.1999 15:46;13.04.2025 6:48;2;
dbo;USERVAZBA;30.07.1998 10:14;13.04.2025 6:48;0;
dbo;UZAPLOCK;03.09.1998 16:27;13.04.2025 6:48;4;
dbo;UZIVAKCE;2008-11-08 14:10:39.020;13.04.2025 6:48;1;
dbo;UZIVATEL;03.09.1998 16:27;13.04.2025 6:48;619;
dbo;UZIVATELADD;19.10.2003 20:25;13.04.2025 6:48;150;
dbo;UZIVATELPOZN;19.10.2003 20:25;13.04.2025 6:48;0;
dbo;UZIVOBJ;07.12.1998 12:25;13.04.2025 6:48;4239;
dbo;UZIVPRODEJNA;26.01.2022 22:17;13.04.2025 6:48;0;
dbo;UZVESKUP;03.09.1998 16:27;13.04.2025 6:48;742;
dbo;VAZBAKCIN;12.07.2005 22:52;13.04.2025 6:48;0;
dbo;VERZEESO;24.01.2006 7:47;13.04.2025 6:48;146;
dbo;VLSTAVDOC;30.07.2021 22:22;13.04.2025 6:48;16;
dbo;VLSTAVHDOK;13.11.2007 22:14;13.04.2025 6:48;179;
dbo;VYKAZ;17.01.2025 22:52;17.01.2025 22:52;0;
dbo;VykazAP;03.12.2017 12:41;03.12.2017 12:41;113;
dbo;VYKAZCF;2002-04-18 23:25:48.073;2002-04-18 23:25:48.073;35;
dbo;VYKAZDEF;03.09.1998 16:27;13.04.2025 6:48;2523;
dbo;VYKAZHLAV;03.09.1998 16:27;13.04.2025 6:48;53;
dbo;VYKAZOPAK;22.12.1998 9:14;13.04.2025 6:48;0;
dbo;VYKAZTRAN;2000-05-29 15:04:21.030;13.04.2025 6:48;3102;
dbo;VYKAZWORK;12.10.1998 15:00;22.07.2020 0:08;420;
dbo;VykazZZ;22.11.2015 23:36;22.11.2015 23:36;62;
dbo;VYPPENALE;07.08.2010 9:46;13.04.2025 6:48;287;
dbo;VYROBA;04.07.2001 9:44;13.04.2025 6:48;0;
dbo;VYROBAADD;01.05.2003 17:31;13.04.2025 6:48;0;
dbo;VYROBAPOZN;06.01.2004 22:55;13.04.2025 6:48;0;
dbo;VYRSDOK;04.07.2001 9:44;13.04.2025 6:48;0;
dbo;VYRVARIANTA;23.06.2023 22:52;13.04.2025 6:48;0;
dbo;VYRVARIANTAADD;23.06.2023 22:52;13.04.2025 6:48;0;
dbo;VYUCTTEPLADETAIL;28.04.2004 0:35;17.01.2025 22:53;0;
dbo;VYUCTTEPLADETAIL_W;2004-04-28 00:35:52.007;13.04.2025 6:48;0;
dbo;VZORPREUCT;31.07.2011 13:35;13.04.2025 6:48;0;
dbo;VZORPREUCTSTRED;31.07.2011 13:35;13.04.2025 6:48;0;
dbo;VZORTDU;03.09.1998 16:27;13.04.2025 6:48;469;
dbo;W_NespUZ;17.01.2025 22:51;13.04.2025 6:48;5307;
dbo;WEBAUTHNCREDENTIALS;23.06.2023 22:51;13.04.2025 6:48;0;
dbo;WEBSTR;18.01.2000 15:35;13.04.2025 6:48;1603;
dbo;WEBSTRVESKUP;19.01.2013 21:44;13.04.2025 6:48;0;
dbo;WEBSTRZMENA;01.05.2003 17:31;13.04.2025 6:48;0;
dbo;WFLOWDFN;25.04.2023 9:50;13.04.2025 6:48;0;
dbo;WFLOWDFN_VZOR;25.04.2023 9:50;13.04.2025 6:48;0;
dbo;WORK_ARCHIV;10.01.2009 17:04;13.04.2025 6:48;0;
dbo;Work_Archiv_PoRR;19.04.2008 17:58;19.04.2008 17:58;0;
dbo;Work_Archiv_PoZZ;19.04.2008 19:21;19.04.2008 19:21;0;
dbo;Work_Archiv_PrvniVyber;19.04.2008 17:47;19.04.2008 17:47;0;
dbo;WORK_SALDO;17.01.2025 22:51;13.04.2025 6:48;0;
dbo;WORK_VAZBA;30.07.1998 10:14;30.07.1998 10:14;0;
dbo;WORKFLOW;13.11.2007 22:14;13.04.2025 6:48;0;
dbo;WorkOdpisy;17.01.2025 22:52;2025-04-13 06:48:38.010;675;
dbo;WorkVykazDef;16.12.1998 16:44;16.12.1998 16:44;33;
dbo;WS_APPLICATION;21.01.2023 22:09;2025-04-13 06:48:38.010;0;
dbo;WS_JOURNAL;21.01.2023 22:09;2025-04-13 06:48:38.013;0;
dbo;WSDOK_DF;05.02.2004 16:18;2025-04-13 06:48:38.027;0;
dbo;WVykazAP;26.01.2018 23:49;2025-04-13 06:48:38.017;0;
dbo;WVykazAP_Detail;26.01.2018 23:49;2025-04-13 06:48:38.020;0;
dbo;WVykazZZ;2018-01-26 23:49:11.080;2025-04-13 06:48:38.020;0;
dbo;WVykazZZ_Detail;2018-01-26 23:49:11.060;2025-04-13 06:48:38.023;0;
dbo;WZBOZI_DF;05.02.2004 16:18;2025-04-13 06:48:38.083;72582;
dbo;WZBOZI_EVPRECEN;20.07.2005 9:12;2025-04-13 06:48:38.090;1796;
dbo;WZBOZSKL_DF;05.02.2004 16:18;13.04.2025 6:48;0;
dbo;xrozpadprovyrobu;20.12.2004 13:11;20.12.2004 13:11;2200;
dbo;XXABCNAKLADY;17.01.2019 10:10;13.04.2025 6:48;5492953;
dbo;XXABCNAKPLAN;21.05.2021 16:53;13.04.2025 6:48;20262;
dbo;XXABCNAKUPARCHIV;05.09.2022 11:58;05.09.2022 11:58;70896;
dbo;XXABCONSK;21.07.2018 9:23;21.07.2018 9:23;0;
dbo;XXABCPOCETON12;11.04.2025 21:15;11.04.2025 21:15;2905;
dbo;XXABCPRODEJE;26.10.2018 16:45;13.04.2025 6:49;17304935;
dbo;XXABCPRODVYR12;11.04.2025 21:15;11.04.2025 21:15;748;
dbo;XXABCPRODZBO12;11.04.2025 21:15;11.04.2025 21:15;2905;
dbo;XXABCPRUMNAKUP;25.11.2022 21:15;25.11.2022 21:15;3563;
dbo;XXAKCEOBJ;10.03.2010 20:53;13.04.2025 6:49;0;
dbo;XXANAKONPODSOR;25.09.2014 17:24;13.04.2025 6:49;516;
dbo;XXAPL;15.10.2020 9:40;13.04.2025 6:49;351306;
dbo;XXARGARTIKLU;20.10.2009 10:28;13.04.2025 6:49;8747;
dbo;XXARCHIVACELOG;06.09.2014 16:24;06.09.2014 16:24;14;
dbo;XXB2BBPC;09.03.2016 13:50;09.03.2016 13:50;362378;
dbo;XXB2BBPP;15.09.2017 21:08;15.09.2017 21:08;134624;
dbo;XXB2BBSC;13.04.2025 21:46;13.04.2025 21:46;123;
dbo;XXBAERPEVENT;02.11.2015 9:51;13.04.2025 6:49;0;
dbo;XXBAPME;23.10.2015 18:51;13.04.2025 6:49;0;
dbo;XXBASELINKERLOG;2024-04-30 16:26:11.033;13.04.2025 6:49;13826;
dbo;XXBATRANSFORM;23.10.2015 19:09;13.04.2025 6:49;0;
dbo;XXBPMNATTA;09.01.2021 17:57;13.04.2025 6:49;0;
dbo;XXBPMNCONN;09.01.2021 17:57;13.04.2025 6:49;0;
dbo;XXBPMNELEM;09.01.2021 17:57;13.04.2025 6:49;0;
dbo;XXBPMNTYPE;08.01.2021 12:57;13.04.2025 6:49;0;
dbo;XXCAMUNDA_EVENT;21.09.2023 14:00;13.04.2025 6:49;780768;
dbo;XXCAMUNDA_INST;21.09.2023 13:34;2025-04-13 06:49:36.027;85937;
dbo;XXCASTROL_MASTER_DATA;14.04.2025 1:43;2025-04-14 01:43:11.087;202504;
dbo;XXCASTROL_MASTER_DATA_200;2025-04-14 01:43:08.040;14.04.2025 1:43;97;
dbo;XXCASTROL_MASTER_DATA_300;14.04.2025 1:43;14.04.2025 1:43;707;
dbo;XXCASTROL_MASTER_DATA_310;14.04.2025 1:43;14.04.2025 1:43;0;
dbo;XXCASTROL_MASTER_DATA_400;14.04.2025 1:43;14.04.2025 1:43;1068;
dbo;XXCENAPORIZENI;06.11.2019 0:37;2025-04-13 06:49:36.033;0;
dbo;XXCENIKDPD;16.03.2006 13:26;2025-04-13 06:49:36.037;24;
dbo;XXCENSKZB;21.07.2020 13:57;2025-04-13 06:49:36.040;31;
dbo;XXCENTRALAPECE;22.02.2019 17:50;2025-04-13 06:49:36.043;96;
dbo;XXCINPARZBOZI;10.04.2007 12:17;2025-04-13 06:49:36.047;165;
dbo;XXCMARCHHDOKNEBRAT;30.07.2011 9:10;2025-04-13 06:49:36.050;0;
dbo;XXDEFINICEVYPOCTU;20.06.2023 11:36;2025-04-13 06:49:36.067;57;
dbo;XXDENNIPLANOZ;11.08.2005 14:35;2025-04-13 06:49:36.080;12237;
dbo;XXDMFREKNAV;22.05.2009 8:41;13.04.2025 6:49;11680;
dbo;XXDOPRAVA_SPOCT;09.07.2013 14:20;13.04.2025 6:49;5227;
dbo;XXDOTEZOVANI;20.05.2013 16:20;13.04.2025 6:49;10;
dbo;XXEDIKOMUNIKACE;23.06.2020 13:44;13.04.2025 6:49;250;
dbo;XXEDIPROTOKOL;16.04.2014 16:11;13.04.2025 6:49;13436;
dbo;XXEDIPROTPOZN;08.03.2008 12:37;13.04.2025 6:49;0;
dbo;XXEDIPRVEK;17.05.2005 11:02;13.04.2025 6:49;927;
dbo;XXEDISEKCE;17.05.2005 11:02;13.04.2025 6:49;81;
dbo;XXEDIZPRAVA;17.05.2005 11:02;13.04.2025 6:49;55;
dbo;XXEFEKTIVITA;20.02.2005 18:16;13.04.2025 6:49;2331;
dbo;XXEFEKTIVITANAKUPU;01.07.2021 0:05;13.04.2025 6:49;4494;
dbo;XXEFEKTIVITAZBOZ;03.09.2022 19:38;13.04.2025 6:49;859270;
dbo;XXEKOKOM;14.12.2004 20:55;13.04.2025 6:49;91;
dbo;XXEKOLPOPL;25.06.2018 12:54;13.04.2025 6:49;647;
dbo;XXEKOLPOPLSAZBA;29.06.2018 8:16;2025-04-13 06:49:37.000;2727;
dbo;XXEKOLPOPLZBOZI;29.06.2018 8:16;13.04.2025 6:49;156032;
dbo;XXELEKTRODPAD;17.10.2014 12:48;13.04.2025 6:49;188;
dbo;XXELEKTRODPADSAZBA;17.10.2014 12:48;13.04.2025 6:49;212;
dbo;XXEXTSLUZBY;06.11.2019 0:37;13.04.2025 6:49;0;
dbo;XXHISUCTSKUPZBOZ;05.03.2008 10:47;13.04.2025 6:49;34;
dbo;XXHISUDALOST;04.05.2007 16:29;13.04.2025 6:49;0;
dbo;XXHISUZVESKUP;05.11.2012 13:16;13.04.2025 6:49;25;
dbo;XXHODKRITER;2007-05-04 11:39:12.020;13.04.2025 6:49;0;
dbo;XXHODNANALZAK;13.08.2016 19:22;13.04.2025 6:49;348314;
dbo;XXHODPARZBOZI;2021-10-01 10:41:15.017;13.04.2025 6:49;915829;
dbo;XXHODPARZNACZBOZI;16.08.2021 13:36;13.04.2025 6:49;36;
dbo;XXHODREZART;10.08.2019 10:35;13.04.2025 6:49;103824;
dbo;XXHODREZZAK;27.08.2019 14:27;2025-04-13 06:49:39.027;683274;
dbo;XXHROMRESPOH;26.02.2007 19:17;2025-04-13 06:49:39.033;1486;
dbo;XXINFOPODNETU;26.05.2006 10:19;2025-04-13 06:49:39.037;71;
dbo;XXKALENDAR;02.02.2006 10:07;2025-04-13 06:49:39.040;230;
dbo;XXKALKPON;2018-05-17 20:45:26.087;2025-04-13 06:49:39.050;114;
dbo;XXKALKVZADD;23.01.2005 14:36;2025-04-13 06:49:39.050;1;
dbo;XXKATPARZBOZI;10.04.2007 12:02;2025-04-13 06:49:39.053;8;
dbo;XXKATZBOZI;11.01.2007 10:14;2025-04-13 06:49:39.053;53;
dbo;XXKCPODTYPSL;23.01.2005 14:36;2025-04-13 06:49:39.057;6;
dbo;XXKONKINFO;16.04.2008 11:31;2025-04-13 06:49:39.063;4;
dbo;XXKONKKAN;24.04.2008 19:14;2025-04-13 06:49:39.070;51;
dbo;XXKONKNADM;10.08.2016 18:06;2025-04-13 06:49:39.090;3344;
dbo;XXKONKNADM_DM;14.04.2025 2:02;14.04.2025 2:02;0;
dbo;XXKONKNADM_DMP;14.04.2025 2:02;14.04.2025 2:02;0;
dbo;XXKONKNADM_N;14.04.2025 2:02;14.04.2025 2:02;0;
dbo;XXKONKNADM_P;14.04.2025 2:02;14.04.2025 2:02;0;
dbo;XXKONKNADMZJIST;10.08.2016 18:31;13.04.2025 6:49;1910;
dbo;XXKONKPROD;16.04.2008 9:28;13.04.2025 6:49;0;
dbo;XXKONKURENT;20.12.2007 17:10;13.04.2025 6:49;67;
dbo;XXKONTAKTDM;19.08.2021 17:54;13.04.2025 6:49;1048;
dbo;XXKPI;2009-10-14 13:25:33.027;13.04.2025 6:49;10;
dbo;XXKPIDM;2011-03-03 18:38:39.070;13.04.2025 6:49;0;
dbo;XXKPIPRODKAN;08.08.2007 10:49;13.04.2025 6:49;0;
dbo;XXKPITDM;14.10.2009 13:28;13.04.2025 6:49;246940;
dbo;XXLIKVIDSZ;29.10.2008 10:34;13.04.2025 6:49;31;
dbo;XXLISTING;02.06.2011 10:57;14.04.2025 0:16;90417;
dbo;XXLISTINGKP;2007-02-24 14:29:20.007;13.04.2025 6:49;0;
dbo;XXLISTPROTDM;09.07.2005 16:32;13.04.2025 6:49;178037;
dbo;XXLOGVYPOCTU;01.08.2023 9:51;13.04.2025 6:49;0;
dbo;XXMAPSUBJADR;11.09.2001 13:41;11.09.2001 13:41;1540;
dbo;XXMERKVALITY;19.05.2008 14:24;13.04.2025 6:49;3330;
dbo;XXMERKVALSDOK;19.05.2008 15:09;13.04.2025 6:49;69826;
dbo;XXMESTECH;24.09.2018 14:32;13.04.2025 6:49;14;
dbo;XXMEZABC;07.01.2015 17:05;13.04.2025 6:49;168;
dbo;XXMCHD;12.10.2009 8:44;13.04.2025 6:49;201;
dbo;XXMCHD_DM;14.04.2025 2:02;14.04.2025 2:02;0;
dbo;XXMCHD_DMP;14.04.2025 2:02;14.04.2025 2:02;0;
dbo;XXMCHD_N;14.04.2025 2:02;14.04.2025 2:02;37315;
dbo;XXMCHD_P;14.04.2025 2:02;14.04.2025 2:02;286178;
dbo;XXMCHDPOPIS;12.10.2009 8:48;13.04.2025 6:49;1103;
dbo;XXMCHDSAZBA;26.01.2019 12:08;13.04.2025 6:49;135;
dbo;XXMCHDTDM;12.10.2009 10:11;13.04.2025 6:49;7483;
dbo;XXNAVSTEVAOZ;14.09.2008 10:35;2025-04-14 02:04:08.050;115403;
dbo;XXNEDOSTUPMATERIAL;17.04.2023 21:33;13.04.2025 6:49;1;
dbo;XXNEDOSTUPTECHNOL;14.04.2023 12:50;13.04.2025 6:49;3;
dbo;XXNEDOSTUPVYRFORMAT;18.04.2023 12:36;13.04.2025 6:49;3;
dbo;XXNEDOSTUPVYROBKYMATER;17.04.2023 21:33;13.04.2025 6:49;1;
dbo;XXNEDOSTUPVYROBKYTECHNOL;18.04.2023 12:36;13.04.2025 6:49;3;
dbo;XXNOZPRIPRAVA;31.10.2009 17:08;2025-04-13 06:49:41.020;364053;
dbo;XXOBECCISSLAVE;01.02.2010 9:16;2025-04-13 06:49:41.027;337;
dbo;XXOBCHPODKOREKCE;02.08.2011 17:04;2025-04-13 06:49:41.033;1760;
dbo;XXOBCHPODM;25.09.2018 13:07;2025-04-13 06:49:41.053;7373;
dbo;XXOBCHPODMEZE;27.05.2005 7:03;2025-04-13 06:49:41.060;775;
dbo;XXOBCHPODMOL;11.11.2009 22:11;2025-04-13 06:49:41.067;282;
dbo;XXOBCHPODMSUBJ;02.10.2018 12:43;2025-04-13 06:49:41.080;1234;
dbo;XXOBCHPODZBOZ;03.09.2022 19:17;13.04.2025 6:49;711409;
dbo;XXOBCHPODZBOZSUBJ;03.09.2022 19:35;13.04.2025 6:49;592658;
dbo;XXOBJEDNOBED;26.07.2023 18:04;13.04.2025 6:49;28361;
dbo;XXOBJPPP;03.02.2021 16:52;13.04.2025 6:49;365;
dbo;XXOBLANALZAK;08.08.2016 12:26;13.04.2025 6:49;5;
dbo;XXOKRESREGION;27.03.2006 18:02;13.04.2025 6:49;0;
dbo;XXOMEZENEVYROBKYTECHNOL;23.06.2023 11:58;13.04.2025 6:49;0;
dbo;XXOSTCINOZ;18.12.2005 16:48;13.04.2025 6:49;39;
dbo;XXOZPROTOKOL;22.11.2009 9:46;13.04.2025 6:49;940;
dbo;XXPALIVPRIPL;2023-01-09 17:13:12.093;13.04.2025 6:49;5;
dbo;XXPARAMREZART;06.08.2019 14:51;13.04.2025 6:49;283;
dbo;XXPARAMREZZAK;26.08.2019 10:53;13.04.2025 6:49;26;
dbo;XXPARAMUKOL;04.10.2023 18:39;13.04.2025 6:49;133;
dbo;XXPARDESPOZ;23.10.2006 19:20;13.04.2025 6:49;14;
dbo;XXPARHODPAK;08.08.2016 13:14;13.04.2025 6:49;133;
dbo;XXPARHODPAKSEGMZAK;14.03.2022 14:57;13.04.2025 6:49;21;
dbo;XXPARPROCES;24.05.2007 15:07;13.04.2025 6:49;0;
dbo;XXPARTYPDESPOZ;23.10.2006 11:26;13.04.2025 6:49;42;
dbo;XXPLANAKTIVOZ;19.05.2012 10:54;13.04.2025 6:49;60945;
dbo;XXPLANMATTOKU;11.09.2022 10:26;14.04.2025 0:53;5838344;
dbo;XXPLANMATTOKU2;07.02.2025 12:28;13.04.2025 6:50;0;
dbo;XXPLANPREDZASOB;07.02.2023 17:45;13.04.2025 6:50;2;
dbo;XXPLANPRODEJU;2005-03-03 10:48:10.020;14.04.2025 0:46;5889833;
dbo;xxplansdok2;19.10.2005 15:51;19.10.2005 15:51;4300;
dbo;XXPLATINZERCE;15.08.2024 15:39;13.04.2025 6:50;101;
dbo;XXPLNMCHD;31.10.2009 17:12;13.04.2025 6:50;933465;
dbo;XXPLNMCHD_M;14.04.2025 2:02;2025-04-14 02:02:07.013;76501;
dbo;XXPLNMCHD_N;14.04.2025 2:02;14.04.2025 2:02;75283;
dbo;XXPLNPOLDISTR;03.09.2022 18:53;13.04.2025 6:51;25554017;
dbo;XXPLNPOLDISTR_APN;18.04.2012 0:04;13.04.2025 6:51;0;
dbo;XXPLNPOLDISTR_APNM;27.08.2013 0:03;27.08.2013 0:03;0;
dbo;XXPLNPOLDISTR_APP;2012-04-18 00:02:47.030;13.04.2025 6:51;0;
dbo;XXPLNPOLDISTR_APPM;27.08.2013 0:03;13.04.2025 6:51;0;
dbo;XXPLNPOLDISTR_DK;14.04.2025 2:01;14.04.2025 2:01;263;
dbo;XXPLNPOLDISTR_DM;2025-04-14 02:01:57.017;2025-04-14 02:01:57.017;7282;
dbo;XXPLNPOLDISTR_DMP;14.04.2025 2:01;14.04.2025 2:01;48284;
dbo;XXPLNPOLDISTR_DN;14.04.2025 2:01;14.04.2025 2:01;8161;
dbo;XXPLNPOLDISTR_DP;14.04.2025 2:01;14.04.2025 2:01;55439;
dbo;XXPLNPOLDISTR_OLAP;14.04.2025 2:01;14.04.2025 2:01;0;
dbo;XXPLNUKOLOZ;11.08.2005 14:35;13.04.2025 6:51;79171;
dbo;XXPLPRODPODSOR;15.09.2006 16:33;13.04.2025 6:51;1318;
dbo;XXPLPRODPODSORKANIB;01.06.2015 10:41;13.04.2025 6:51;17;
dbo;XXPODILDF_DM;14.04.2025 2:02;14.04.2025 2:02;0;
dbo;XXPODILDF_DMP;14.04.2025 2:02;14.04.2025 2:02;0;
dbo;XXPODILDF_N;14.04.2025 2:02;14.04.2025 2:02;37315;
dbo;XXPODILDF_P;14.04.2025 2:02;14.04.2025 2:02;286178;
dbo;XXPODKATZBOZI;11.01.2007 10:16;13.04.2025 6:51;193;
dbo;XXPODNET;26.05.2006 10:57;13.04.2025 6:51;3028;
dbo;XXPODNETSOR;01.09.2015 18:14;13.04.2025 6:51;519;
dbo;XXPODPODKATZBOZI;2016-10-03 18:34:16.063;13.04.2025 6:51;364;
dbo;XXPODSKUPZBOZI;2006-10-10 18:23:34.030;13.04.2025 6:51;44;
dbo;XXPODSORPOLKALK;19.09.2006 18:25;13.04.2025 6:51;3184;
dbo;XXPOHLEDAVKY;06.09.2005 16:04;13.04.2025 21:45;4603;
dbo;XXPOHSLMZDY;24.01.2007 10:52;13.04.2025 6:51;13956;
dbo;XXPOLEANALZAK;08.08.2016 13:14;13.04.2025 6:51;24;
dbo;XXPOLEPAKSEGMZAK;14.03.2022 14:55;13.04.2025 6:51;194;
dbo;XXPOLEPAKVAZBA;08.08.2016 13:14;13.04.2025 6:51;0;
dbo;XXPOLJEDKALCEN;03.09.2022 19:21;13.04.2025 6:51;5923493;
dbo;XXPOLKALJED;07.12.2004 15:34;13.04.2025 6:51;17;
dbo;XXPOSLDODAVKA;17.08.2005 18:21;14.04.2025 2:03;763241;
dbo;XXPOSLDODAVKA_BU;16.04.2015 12:50;2025-04-14 02:04:04.073;4876;
dbo;XXPOSLDODAVKA_RV;16.04.2015 12:32;14.04.2025 2:03;561515;
dbo;XXPOZINZERCE;15.08.2024 15:32;13.04.2025 6:51;534;
dbo;XXPOZVYDZAPRAC;14.05.2015 15:20;13.04.2025 6:51;543;
dbo;XXPRAKSKAKZB;02.09.2010 8:40;13.04.2025 6:51;0;
dbo;XXPRAVPOHL;26.07.2006 14:45;13.04.2025 6:51;463;
dbo;XXPRECISSARZE;07.09.2005 10:08;13.04.2025 6:51;685;
dbo;XXPRIPRAVAZAKAZKY;28.05.2010 8:15;13.04.2025 6:51;0;
dbo;XXPRITHODMZ;07.02.2007 17:47;13.04.2025 6:51;11918;
dbo;XXPROCES;20.09.2023 19:52;13.04.2025 6:51;763;
dbo;XXPROCESDOC;26.02.2006 11:08;13.04.2025 6:51;24;
dbo;XXPROCESSTAT;21.04.2006 12:12;13.04.2025 6:51;0;
dbo;XXPRODAKCE;26.02.2016 13:06;13.04.2025 6:51;607;
dbo;XXPRODAKCECENSKUP;08.03.2017 9:30;13.04.2025 6:51;940;
dbo;XXPRODAKCESKZB;2010-08-26 09:37:21.007;13.04.2025 6:51;0;
dbo;XXPRODAKCESLEVY;25.02.2011 13:13;13.04.2025 6:51;0;
dbo;XXPRODAKCESORT;15.08.2012 9:40;13.04.2025 6:51;1115;
dbo;XXPRODAKCESUBJADR;07.08.2012 11:39;13.04.2025 6:51;124955;
dbo;XXPRODAKCEZBOZI;2017-03-16 15:02:54.030;13.04.2025 6:51;151090;
dbo;XXPRODEJVEDNI;11.01.2018 19:24;13.04.2025 6:51;3660;
dbo;XXPRODFOKUS;03.06.2014 9:24;13.04.2025 6:51;196;
dbo;XXPRODFOKUSKAN;03.06.2014 9:27;13.04.2025 6:51;996;
dbo;XXPRODFOKUSZBOZ;03.06.2014 9:28;13.04.2025 6:51;19807;
dbo;XXPRODKRIVKA;17.10.2003 14:05;13.04.2025 6:51;10;
dbo;XXPRODUKTDM;10.08.2016 17:53;13.04.2025 6:51;5472;
dbo;XXPROMENPROCESU;20.09.2023 20:02;13.04.2025 6:51;144;
dbo;XXPROTOKOLKALKCEN;04.01.2005 13:21;13.04.2025 6:51;18149;
dbo;XXPRUMMNDODACIDAVKATB;21.02.2019 12:32;21.02.2019 12:32;19787;
dbo;XXPRZADANIUKOLOZ;21.02.2009 16:40;13.04.2025 6:51;0;
dbo;XXPRZADANIUKOLOZPAR;21.02.2009 16:53;13.04.2025 6:51;0;
dbo;XXPSCADD;28.01.2020 16:16;13.04.2025 6:51;149;
dbo;XXRABATSKUP;12.11.2021 10:32;13.04.2025 6:51;127;
dbo;XXRADAARTIKLU;01.12.2017 13:00;13.04.2025 6:51;1982;
dbo;XXRADAZNACKY;04.10.2016 12:18;13.04.2025 6:51;41;
dbo;XXRMTHLASENI;23.04.2010 15:25;13.04.2025 6:51;421;
dbo;XXRMTLOG;23.06.2005 14:23;2025-04-13 06:51:53.033;86034;
dbo;XXSAZBAPREPRAVY;12.01.2023 11:20;2025-04-13 06:51:53.037;416;
dbo;XXSEGMCASTROL;19.03.2016 14:26;2025-04-13 06:51:53.040;19;
dbo;XXSEGMZAKAZNIKA;08.08.2016 11:44;2025-04-13 06:51:53.043;8;
dbo;XXSEZHODPARZB;23.09.2007 11:25;2025-04-13 06:51:53.047;85;
dbo;XXSKAKZBDET;02.09.2010 8:47;2025-04-13 06:51:53.063;0;
dbo;XXSKENDOK;05.03.2007 20:43;13.04.2025 6:51;119813;
dbo;XXSKLADKAPACITA;2023-02-28 20:11:46.047;13.04.2025 6:51;5;
dbo;XXSKONTO;14.10.2009 12:48;13.04.2025 6:51;22;
dbo;XXSKONTOZBOZI;07.09.2009 8:35;13.04.2025 6:51;37;
dbo;XXSKUPTDM;2009-06-22 12:23:19.033;13.04.2025 6:51;10;
dbo;XXSKUPTDMZB;22.06.2009 12:32;13.04.2025 6:51;14068;
dbo;XXSKUPZBOZIEPHIS;29.03.2005 10:48;13.04.2025 6:51;0;
dbo;XXSLEVAEE;26.04.2021 11:17;13.04.2025 6:51;34;
dbo;XXSLEVPAS;21.07.2020 14:10;13.04.2025 6:51;221;
dbo;XXSLEVPAS_SUBJ;21.07.2020 14:10;13.04.2025 6:51;48;
dbo;XXSMS;14.06.2008 12:16;13.04.2025 6:51;5008;
dbo;XXSPOTREBOVANO;06.11.2019 0:37;13.04.2025 6:51;357;
dbo;XXSTREDABCDRIVER;17.11.2017 13:47;13.04.2025 6:51;140196;
dbo;XXSTREDUZDU;20.03.2006 11:53;13.04.2025 6:51;130;
dbo;XXSTRUPROCES;03.01.2006 16:48;13.04.2025 6:51;798;
dbo;XXSUBJADRPPP;2022-02-08 16:51:26.037;13.04.2025 6:51;30870;
dbo;XXSUBJADRUJED;04.07.2007 18:25;13.04.2025 6:51;86233;
dbo;XXSUBJADRUZIV;27.07.2006 16:51;13.04.2025 6:51;114222;
dbo;XXSUBJEKTAD;17.03.2022 16:00;13.04.2025 6:51;9445;
dbo;XXSUBJEKTADZBOZ;03.02.2017 14:30;13.04.2025 6:51;269;
dbo;XXSUBJEKTVOP;2019-06-18 11:36:16.073;13.04.2025 6:51;2318;
dbo;XXTARGARTIKLU;20.10.2009 9:40;13.04.2025 6:51;10;
dbo;XXTARGRADYART;20.10.2009 10:08;13.04.2025 6:51;3281;
dbo;XXTDMFREKNAV;11.07.2005 9:06;13.04.2025 6:51;791;
dbo;XXTDMSUBJADR;09.07.2005 16:32;13.04.2025 6:51;51214;
dbo;xxtempblokcm;31.07.2011 12:11;31.07.2011 12:11;827;
dbo;xxtempobjcm;31.07.2011 12:11;31.07.2011 12:11;179;
dbo;XXTENZOMETR;11.05.2007 10:22;2025-04-13 06:51:54.033;709504;
dbo;XXTenzometr_Buffer;14.04.2025 3:52;14.04.2025 3:52;2;
dbo;XXTHDOKPOZNADD;2006-09-08 08:58:24.010;2025-04-13 06:51:54.040;54;
dbo;XXTOURPLAN;14.04.2007 11:51;2025-04-13 06:51:54.050;1555;
dbo;XXTOURPLANDM;14.04.2007 12:01;2025-04-13 06:51:54.057;13041;
dbo;XXTOURPLANOZ;2007-04-14 12:05:45.097;2025-04-13 06:51:54.063;2342;
dbo;XXTPFORMACE;03.08.2019 19:27;2025-04-13 06:51:54.067;0;
dbo;XXTRSKUPZBOZI;10.01.2015 10:16;2025-04-13 06:51:54.090;19702;
dbo;XXTRZNISKUP;03.08.2015 10:36;2025-04-13 06:51:54.093;18;
dbo;XXTRZNISKUPMS;27.04.2021 17:22;13.04.2025 6:51;48;
dbo;XXTSDOKPOZNZBOZI;26.06.2023 11:50;13.04.2025 6:51;1281;
dbo;XXTYPDESPOZ;23.10.2006 11:24;13.04.2025 6:51;7;
dbo;XXTYPDODMIST;09.07.2005 16:32;13.04.2025 6:51;470;
dbo;XXTYPDOKAD;21.02.2011 13:37;13.04.2025 6:51;25;
dbo;XXTYPINFROZVZT;2016-09-20 12:25:58.013;13.04.2025 6:51;26;
dbo;XXTYPINZERCE;15.08.2024 15:25;13.04.2025 6:51;17;
dbo;XXTYPPARSPOL;2007-07-04 17:45:34.037;13.04.2025 6:51;9;
dbo;XXTYPPARZBOZI;10.04.2007 12:02;13.04.2025 6:51;99;
dbo;XXTYPPODNETU;26.05.2006 10:14;13.04.2025 6:51;27;
dbo;XXTYPPOPLATKU;12.02.2005 19:36;13.04.2025 6:51;9;
dbo;XXTYPPREPRAVY;09.01.2023 17:15;13.04.2025 6:51;6;
dbo;XXTYPPREPZONY;12.01.2023 11:20;13.04.2025 6:51;31;
dbo;XXTYPREKLAMACE;06.03.2015 17:08;13.04.2025 6:51;10;
dbo;XXTYPUDALOSTI;06.09.2022 8:44;13.04.2025 6:51;1609;
dbo;XXTYPUDSKUPUZ;06.09.2022 10:41;13.04.2025 6:51;109;
dbo;XXTYPUKOLOZ;12.07.2005 14:12;13.04.2025 6:51;26;
dbo;XXUCTPOPLATKU;02.05.2005 16:37;13.04.2025 6:51;122;
dbo;XXUDALOST;04.05.2007 11:55;13.04.2025 6:51;134809;
dbo;XXUDALOSTDOC;04.05.2007 15:59;13.04.2025 6:51;137;
dbo;XXUDALOSTPAR;2007-05-29 18:05:22.047;13.04.2025 6:51;0;
dbo;XXUDALOSTPROCESU;20.09.2023 19:49;13.04.2025 6:51;141;
dbo;XXUDALOSTVAZBA;08.09.2022 16:58;13.04.2025 6:51;8566;
dbo;XXUDALTYPUKOL;27.09.2023 17:51;13.04.2025 6:51;190;
dbo;XXUKAZMU;20.01.2018 17:48;13.04.2025 6:51;197;
dbo;XXUKAZMUHIS;25.01.2018 20:50;13.04.2025 6:51;0;
dbo;XXUKAZMUHOD;21.01.2018 9:15;13.04.2025 6:51;39859;
dbo;XXUKAZMUHODDOC;25.01.2018 20:06;13.04.2025 6:51;0;
dbo;XXUKAZMUOBCH;27.04.2021 18:57;13.04.2025 6:51;394;
dbo;XXUKAZMUOBMS;27.04.2021 18:57;13.04.2025 6:51;4728;
dbo;XXUKAZMUPLAN;20.04.2021 16:08;13.04.2025 6:51;260;
dbo;XXUKAZMUPLMS;20.04.2021 16:50;13.04.2025 6:51;3120;
dbo;XXUKAZMUSTRED;22.04.2018 16:25;13.04.2025 6:51;11089;
dbo;XXUKOL;09.07.2006 10:25;13.04.2025 6:51;138913;
dbo;XXUKOLDOC;17.09.2006 11:55;13.04.2025 6:51;0;
dbo;XXUMISTPROSTOR;04.11.2017 17:03;13.04.2025 6:51;257;
dbo;XXUMISTZBOZI;11.11.2005 11:32;13.04.2025 6:51;7430;
dbo;XXUROVENSPOLUPRACE;12.10.2009 8:14;13.04.2025 6:51;15;
dbo;XXURSPOLKAN;08.07.2007 10:47;13.04.2025 6:51;0;
dbo;XXUTVARAD;21.02.2011 13:19;13.04.2025 6:51;12;
dbo;XXUZOBJSKUP;07.12.2024 15:53;13.04.2025 6:51;725;
dbo;XXVARKUS;16.11.2006 10:17;13.04.2025 6:51;12549;
dbo;XXVARKUSDET;16.11.2006 10:17;2025-04-13 06:51:55.010;128066;
dbo;XXVARKUSHIS;16.11.2006 10:17;2025-04-13 06:51:55.020;13866;
dbo;XXVLSTAV;19.01.2006 13:30;2025-04-13 06:51:55.030;0;
dbo;XXVRACENISUROVINY;17.02.2005 13:48;13.04.2025 6:51;141961;
dbo;XXVYJMZPOPL;29.08.2007 10:50;13.04.2025 6:51;292;
dbo;XXVYPADKYZASOB;13.06.2008 8:55;13.04.2025 6:51;5549;
dbo;XXVYPADKYZASOBDETAIL;24.06.2009 14:04;13.04.2025 6:51;12234;
dbo;XXVYPOCET;08.08.2023 20:35;13.04.2025 6:51;1;
dbo;XXVYRFORMAT;03.03.2023 16:05;13.04.2025 6:51;72;
dbo;XXWORKFLOW;03.01.2006 16:48;13.04.2025 6:51;326;
dbo;XXZADANIUKOLOZ;12.07.2005 14:12;13.04.2025 6:51;54962;
dbo;XXZADUKOLOZPAR;03.05.2022 9:06;13.04.2025 6:51;335;
dbo;XXZAKAZUCTOVANI;10.07.2005 11:12;13.04.2025 6:51;7;
dbo;XXZBOZIOBR;28.02.2024 16:46;13.04.2025 6:51;5762;
dbo;XXZBOZIOSCISLO;23.12.2017 16:17;13.04.2025 6:51;622;
dbo;XXZBOZIPOZNADD;2021-07-27 14:33:31.093;13.04.2025 6:51;382;
dbo;XXZBOZISOUVIS;13.07.2023 19:17;13.04.2025 6:51;6827;
dbo;XXZBOZIUFI;2021-01-19 10:05:08.017;13.04.2025 6:51;1491;
dbo;XXZBOZIVERSUR;16.10.2011 14:15;13.04.2025 6:51;5216;
dbo;XXZBOZSKL_PMO;21.03.2025 14:33;21.03.2025 14:33;86199;
dbo;XXZONAPREPRAVY;09.01.2023 17:17;13.04.2025 6:51;151;
dbo;XXZPRACERI;18.01.2013 11:54;13.04.2025 6:51;7282;
dbo;ZAKMERTEPLO;28.04.2004 0:35;13.04.2025 6:51;0;
dbo;ZAKMERTEPLO_W;28.04.2004 0:35;13.04.2025 6:51;0;
dbo;ZAKOMTEPLO;28.04.2004 0:35;13.04.2025 6:51;0;
dbo;ZALOHYVAZBA;21.01.2023 22:09;13.04.2025 6:51;0;
dbo;ZASILKA;26.01.2019 22:55;13.04.2025 6:51;0;
dbo;ZASILKA_ATRIBUT;26.01.2019 22:55;13.04.2025 6:51;0;
dbo;ZASILKA_ATRIBUT_ADR;2025-01-17 22:51:28.033;13.04.2025 6:51;0;
dbo;ZASILKA_SVOZ;26.01.2019 22:55;13.04.2025 6:51;0;
dbo;zbimpxls;16.08.2004 17:18;16.08.2004 17:18;76;
dbo;ZBOZI;09.09.1998 9:03;13.04.2025 6:51;25996;
dbo;ZBOZI_W_PRENOS;12.02.2001 8:23;13.04.2025 6:51;0;
dbo;ZBOZIADD;29.05.2000 15:04;13.04.2025 6:51;20547;
dbo;ZBOZICAM;22.07.2020 0:00;13.04.2025 6:51;6711;
dbo;ZBOZICK;2017-01-21 23:41:22.073;13.04.2025 6:51;0;
dbo;ZBOZIKALKULACEFRONTA;17.08.2022 23:55;13.04.2025 6:51;4462;
dbo;ZBOZIKTPARAM;23.06.2023 22:52;13.04.2025 6:51;0;
dbo;ZBOZIMNSPOTR;11.03.1999 14:00;13.04.2025 6:51;45527;
dbo;ZBOZIMNSPOTRADD;01.05.2003 17:31;13.04.2025 6:51;44353;
dbo;ZBOZIMNSPOTRCAM;22.07.2020 0:00;13.04.2025 6:51;0;
dbo;ZBOZINAZEV;24.01.2020 23:02;13.04.2025 6:51;0;
dbo;ZBOZIPOZN;26.11.1998 9:36;13.04.2025 6:51;46241;
dbo;ZBOZIROZPAD;2001-07-04 09:44:26.013;13.04.2025 6:51;70626;
dbo;ZBOZIROZPADFRONTA;04.07.2001 9:44;13.04.2025 6:51;0;
dbo;ZBOZISAZBY;13.11.2007 22:14;13.04.2025 6:51;135;
dbo;ZBOZISTAVKDATU;13.07.2012 0:02;13.04.2025 6:51;0;
dbo;ZBOZITEPLO;28.04.2004 0:35;13.04.2025 6:51;0;
dbo;ZBOZIVAZBAZAV;04.07.2001 9:44;13.04.2025 6:51;0;
dbo;ZBOZIVCASE;18.07.2013 22:29;13.04.2025 6:51;0;
dbo;ZBOZIVMJ;1998-11-05 09:05:17.007;13.04.2025 6:51;59883;
dbo;ZBOZIVMJADD;24.01.2006 7:53;13.04.2025 6:51;2640;
dbo;ZBOZSKL;17.09.1998 13:38;13.04.2025 6:51;108715;
dbo;ZBOZSKLADD;30.10.2002 13:09;13.04.2025 6:51;17184;
dbo;ZBOZSKLINV;2002-05-08 19:43:12.057;13.04.2025 6:51;0;
dbo;ZBOZSKLOffLine;17.01.2025 22:51;13.04.2025 6:51;0;
dbo;ZBOZSKLOffLineSAVE;17.01.2025 22:51;13.04.2025 6:51;0;
dbo;ZBOZSKLPOZN;30.10.2002 13:09;13.04.2025 6:51;0;
dbo;ZBOZSKLSARZE;06.01.2004 22:55;13.04.2025 6:51;255818;
dbo;ZBOZSKLSARZEADD;21.09.2004 19:07;13.04.2025 6:51;0;
dbo;ZBOZSKLSARZESTAVKDATU;08.11.2008 14:11;13.04.2025 6:51;219421;
dbo;ZBOZSKLSTAVKDATU;08.11.2008 14:11;13.04.2025 6:51;113610;
dbo;zbzal;16.08.2004 17:18;16.08.2004 17:18;1971;
dbo;ZDROJ;22.01.2021 23:23;13.04.2025 6:51;0;
dbo;ZDROJ_CENKALK;30.07.2021 22:23;13.04.2025 6:51;0;
dbo;ZDROJ_CENKALKPOZN;30.07.2021 22:23;13.04.2025 6:51;0;
dbo;ZDROJ_DRUH;30.07.2021 22:23;13.04.2025 6:51;9;
dbo;ZDROJ_ELEKTRO;30.07.2021 22:23;13.04.2025 6:51;0;
dbo;ZDROJ_NEMOVITOST;26.01.2022 22:17;13.04.2025 6:51;0;
dbo;ZDROJ_OZ;26.01.2022 22:17;13.04.2025 6:51;0;
dbo;ZDROJ_PLATK;26.01.2022 22:17;13.04.2025 6:51;0;
dbo;ZDROJ_POSTK;26.01.2022 22:17;13.04.2025 6:51;0;
dbo;ZDROJ_SIM;22.01.2021 23:23;13.04.2025 6:51;0;
dbo;ZDROJ_TK;30.07.2021 22:23;13.04.2025 6:51;0;
dbo;ZDROJ_TYPVAZBY;30.07.2021 22:23;13.04.2025 6:51;19;
dbo;ZDROJ_VOZIDLO;30.07.2021 22:23;13.04.2025 6:51;0;
dbo;ZDROJ_ZMENYVCASE;2021-07-30 22:23:25.000;13.04.2025 6:51;0;
dbo;ZDROJ_ZMENYVCASEADD;2021-07-30 22:23:25.027;13.04.2025 6:51;0;
dbo;ZDROJADD;22.01.2021 23:23;13.04.2025 6:51;0;
dbo;ZDROJSKUPINA;22.01.2021 23:23;13.04.2025 6:51;0;
dbo;ZDROJSKUPINAHIER;22.01.2021 23:23;13.04.2025 6:51;0;
dbo;ZDROJSLOZKA;2024-01-21 10:49:50.020;13.04.2025 6:51;0;
dbo;ZDROJSLOZKAADD;2024-01-21 10:49:50.047;13.04.2025 6:51;0;
dbo;ZDROJVAZBA;22.01.2021 23:23;13.04.2025 6:51;0;
dbo;ZDROJVESKUP;22.01.2021 23:23;13.04.2025 6:51;0;
dbo;ZMENA;22.07.2020 0:00;13.04.2025 6:51;0;
dbo;ZNACZBOZI;05.11.1998 9:00;13.04.2025 6:51;28764;
dbo;ZNACZBOZIADD;04.07.2001 11:46;13.04.2025 6:51;28764;
